keyword,title,url,snippet,visibility_score
AI tools,What are the best AI tools to use right now?,https://www.quora.com/What-are-the-best-AI-tools-to-use-right-now,"ChatGPT ‚Äì Great for writing, brainstorming, and getting answers. ¬∑ DALL¬∑E ‚Äì Makes cool images from text descriptions. ¬∑ Canva AI ‚Äì Helps create ...",5
AI tools,What is the best AI tool in the world right now?,https://www.quora.com/What-is-the-best-AI-tool-in-the-world-right-now,"Gemini 1,5 (by Google), and , Claude 3, are also powerful AIs for searching and productivity. GPT-4o leads in terms of performance, popularity ...",4
AI tools,What is your favorite AI tool for personal use?,https://www.quora.com/What-is-your-favorite-AI-tool-for-personal-use,1) Chatgpt: I use chatgpt constantly when I need help brainstorming ideas or getting started with outlines. ¬∑ 2) Grammarly: My go-to tool for ...,4
AI tools,What are the best AI tools in 2025 that can boost ...,https://www.quora.com/What-are-the-best-AI-tools-in-2025-that-can-boost-productivity-for-students-freelancers-and-professionals,"In 2025, top AI productivity tools include ChatGPT for writing assistance, Perplexity AI for advanced search, Canva's AI features for design, Trello's AI ...",4
AI tools,What is your favorite AI Tools catalog?,https://www.quora.com/What-is-your-favorite-AI-Tools-catalog,"My favorite AI tools catalog includes ChatGPT for conversational AI, DALL¬∑E for image generation, TensorFlow for machine learning, Grammarly for writing ...",4
AI tools,What are the best free AI tools available in 2025?,https://www.quora.com/What-are-the-best-free-AI-tools-available-in-2025,"Some popular free AI tools include TensorFlow, PyTorch, scikit-learn for machine learning, and spaCy for natural language processing.",3
AI tools,What are some must-have AI tools for content creators in ...,https://www.quora.com/What-are-some-must-have-AI-tools-for-content-creators-in-2024,1. ChatGPT by OpenAI ¬∑ 2. DALL-E 3 by OpenAI ¬∑ 3. Midjourney ¬∑ 4. Canva AI ¬∑ 5. Jasper AI ¬∑ 6. Descript ¬∑ 7. Adobe Firefly ¬∑ 8. Synthesia.,3
AI tools,What are some cutting-edge online AI tools that you've ...,https://www.quora.com/What-are-some-cutting-edge-online-AI-tools-that-youve-come-across-recently-and-how-have-they-impacted-your-work-or-business-positively,"There are many free AI tools available nowadays, such as TensorFlow, Keras, PyTorch, Scikit-learn, OpenAI, and IBM Watson. These tools can help ...",3
AI tools,Which AI tool is superior to ChatGPT?,https://www.quora.com/Which-AI-tool-is-superior-to-ChatGPT,"When it comes to AI tools, ChatSonic is the clear winner over ChatGPT. With its integration with Google Search, Chatsonic is able to provide up- ...",3
AI tools,What are the most popular generative AI products?,https://www.quora.com/What-are-the-most-popular-generative-AI-products,"The leading AI tools making waves today are ChatGPT, Midjourney, DALL¬∑E, Claude, and Gemini. Each of these platforms showcases unique strengths in text, image, ...",3
AI tools,What kind of AI tools do you use the most?,https://www.quora.com/What-kind-of-AI-tools-do-you-use-the-most,"Tools like ChatGPT for generating content, Grammarly for editing, and Notion AI for organizing thoughts are incredibly useful. They save time, ...",2
AI tools,Can anyone provide me with a free AI tool? Or could you ...,https://www.quora.com/Can-anyone-provide-me-with-a-free-AI-tool-Or-could-you-tell-me-about-the-AI-tools-you-are-using,"There are many free AI tools available nowadays, such as TensorFlow, Keras, PyTorch, Scikit-learn, OpenAI, and IBM Watson. These tools can help ...",2
AI tools,Which AI tools can create content like humans?,https://www.quora.com/Which-AI-tools-can-create-content-like-humans-1,AI tools like Jasper and Canva help create human-like text and visuals. Murf and Synthesia generate realistic voices and videos. While these ...,2
AI tools,What are the best AI tools to build perfect software in 2024 ...,https://www.quora.com/What-are-the-best-AI-tools-to-build-perfect-software-in-2024-for-free-completely,"Some popular free AI tools include TensorFlow, PyTorch, scikit-learn for machine learning, and spaCy for natural language processing.",2
AI tools,Which AI tool do you use most often?,https://www.quora.com/Which-AI-tool-do-you-use-most-often,"I mostly use AI tools that help with writing, research, and productivity. Tools like ChatGPT for generating content, Grammarly for editing, and Notion AI for ...",2
AI tools,Have you ever used AI tools to improve your work? What ...,https://www.quora.com/Have-you-ever-used-AI-tools-to-improve-your-work-What-was-your-experience,"AI tools are great for customizing workflows. They adapt to your needs, automate tasks, and boost efficiency, saving time and effort. Upvote ¬∑.",2
AI tools,How to discover the top AI Tools,https://www.quora.com/How-do-I-discover-the-top-AI-Tools,"What are the various AI tools used and which is the best one? Some popular AI tools are IBM Watson, Google Cloud AI, and Microsoft Azure AI.",2
AI tools,What's one AI tool or app that has completely changed the ...,https://www.quora.com/What-s-one-AI-tool-or-app-that-has-completely-changed-the-way-you-work-or-live-1,"I use Claude by Anthropic. Claude can process large amounts of information, brainstorm ideas, generate text and code, help you understand subjects.",2
AI tools,What are some thoughts on Chatgpt and other AI tools?,https://www.quora.com/What-are-some-thoughts-on-Chatgpt-and-other-AI-tools,Using ChatGPT or other AI tools is simpler than you might think. You can offer freelance writing services. ¬∑ You can create online courses. Use ...,2
AI tools,What are some excellent free AI tools nowadays as lots ...,https://www.quora.com/What-are-some-excellent-free-AI-tools-nowadays-as-lots-of-tools-are-converted-to-paid-ones,"There are many free AI tools available nowadays, such as TensorFlow, Keras, PyTorch, Scikit-learn, OpenAI, and IBM Watson. These tools can help ...",2
Will AI replace jobs,How many jobs will AI replace in the next 1-5 years?,https://www.quora.com/How-many-jobs-will-AI-replace-in-the-next-1-5-years,"By 2025 A large portion of service jobs may be taken over by AI. The ticket clerks at movie theaters, bank tellers, automated clerks in most ...",4
Will AI replace jobs,Will AI and automation replace IT jobs in the future?,https://www.quora.com/Will-AI-and-automation-replace-IT-jobs-in-the-future,"The use of AI in IT is likely to lead to some job losses, as automation can perform certain tasks more efficiently than humans.",4
Will AI replace jobs,"Will AI eventually replace all human jobs, or is that just fear ...",https://www.quora.com/Will-AI-eventually-replace-all-human-jobs-or-is-that-just-fear-mongering,"The answer is no. Even though AI can take away 70% of all the jobs, it cannot take away 30% of the jobs. One of the main jobs is the AI making ...",4
Will AI replace jobs,"Will AI replace most jobs, or just transform them?",https://www.quora.com/Will-AI-replace-most-jobs-or-just-transform-them,"While AI will likely automate some jobs, it's unlikely to replace most. Instead, it will likely transform jobs by automating repetitive tasks ...",4
Will AI replace jobs,Which jobs are most likely to be replaced by AI in the next 5 ...,https://www.quora.com/Which-jobs-are-most-likely-to-be-replaced-by-AI-in-the-next-5-years,"While AI is expected to replace some jobs, it is also anticipated to create new ones, potentially leading to a net positive effect on employment ...",4
Will AI replace jobs,How do you feel about AI potentially replacing certain jobs ...,https://www.quora.com/How-do-you-feel-about-AI-potentially-replacing-certain-jobs-in-the-next-decade,"In general, automation has been projected to replace up to 50% of all jobs over the next decade or so ‚Äî especially low level, entry type of ...",3
Will AI replace jobs,Can AI replace human's work in 5 years?,https://www.quora.com/Can-AI-replace-humans-work-in-5-years,"AI replacing jobs is a different question. Yes AI will replace jobs, but that does not necessarily mean that there will be fewer jobs for humans ...",3
Will AI replace jobs,Is AI replacing jobs or creating new opportunities we don't ...,https://www.quora.com/Is-AI-replacing-jobs-or-creating-new-opportunities-we-don-t-see-yet,"Yes, AI will eventually replace all jobs. No exception. But here's what many overlook: when people lose their jobs, they lose their purchasing ...",3
Will AI replace jobs,Will AI replace most jobs by 2025 or create new ones?,https://www.quora.com/Will-AI-replace-most-jobs-by-2025-or-create-new-ones,"While AI will likely automate some jobs, it's unlikely to replace most. Instead, it will likely transform jobs by automating repetitive tasks ...",3
Will AI replace jobs,Can AI completely replace human jobs in the future?,https://www.quora.com/Can-AI-completely-replace-human-jobs-in-the-future,"In the (very) long term, AI combined with robotics could ultimately replace most jobs or make existing jobs easier so that fewer people will be ...",3
Will AI replace jobs,Will AI eventually replace most human jobs? What are your ...,https://www.quora.com/Will-AI-eventually-replace-most-human-jobs-What-are-your-predictions,"While AI will likely automate some jobs, it's unlikely to replace most. Instead, it will likely transform jobs by automating repetitive tasks ...",2
Will AI replace jobs,Will AI take away our jobs? Which jobs will be replaced by ...,https://www.quora.com/Will-AI-take-away-our-jobs-Which-jobs-will-be-replaced-by-AI,"The common answer here seems to be: yes it will kill jobs, but only the jobs low on the food chain, and it will create more jobs to at least ...",2
Will AI replace jobs,"Can AI fully replace human jobs, or just assist us?",https://www.quora.com/Can-AI-fully-replace-human-jobs-or-just-assist-us,"In the (very) long term, AI combined with robotics could ultimately replace most jobs or make existing jobs easier so that fewer people will be ...",2
Will AI replace jobs,What jobs will AI replace? What jobs will be affected due to ...,https://www.quora.com/What-jobs-will-AI-replace-What-jobs-will-be-affected-due-to-AI-in-2024-2030,"Most mid lvl jobs will be replaced by either AI or robots, especially those who only require computers and phone with no manual labour. The ...",2
Will AI replace jobs,What jobs will AI replace in the next 25-50 years? - Life in 2050 ...,https://lifein2050.quora.com/https-www-quora-com-What-jobs-will-AI-replace-in-the-next-25-50-years-answer-Yusuf-Enes-6,"AI has the potential to replace many jobs in the next 25-50 years, particularly those that involve routine and repetitive tasks. Here are some examples of ...",2
Will AI replace jobs,Will AI replace most jobs in tech? What ...,https://www.quora.com/Will-AI-replace-most-jobs-in-tech-What-jobs-in-tech-may-still-exist-in-the-future-Is-there-potential-for-AI-to-create-new-jobs-Appreciate-any-insight-on-this,"In my opinion, yes I think within 150‚Äì250 years, AI robots will do most jobs. The obvious ones are non-skilled labour jobs, AI would take over ...",2
Will AI replace jobs,"Do you think AI will create more jobs than it eliminates, or ...",https://www.quora.com/Do-you-think-AI-will-create-more-jobs-than-it-eliminates-or-vice-versa,"Short answer: AI won't replace jobs; it will remove many. Fewer new jobs will emerge, so people must adapt.",2
Will AI replace jobs,"How will AI replace jobs, and which ones are safe?",https://www.quora.com/How-will-AI-replace-jobs-and-which-ones-are-safe,The realistic scenario is that AI will indeed replace some people. ¬∑ Jobs that have been made really repetitive could be replaced. ¬∑ But also ...,2
Will AI replace jobs,When will AI completely replace human jobs?,https://www.quora.com/When-will-AI-completely-replace-human-jobs,"The answer is no. Even though AI can take away 70% of all the jobs, it cannot take away 30% of the jobs. One of the main jobs is the AI making ...",2
Will AI replace jobs,What jobs will AI replace in the next 25-50 years? - Life in 2050 ...,https://lifein2050.quora.com/https-anjalslifestyle-quora-com-What-jobs-will-AI-replace-in-the-next-25-50-years-4-1,Some examples of jobs that could potentially be impacted by AI in the coming years include: 1. Routine manufacturing and assembly line jobs: AI-powered ...,2
AI in startups,What are the top AI startup ideas that no one is talking about?,https://www.quora.com/What-are-the-top-AI-startup-ideas-that-no-one-is-talking-about,Here are some top AI business ideas for beginners that leverage accessible AI tools and solutions : ¬∑ 1. AI-Powered Chatbot Services ¬∑ 2.,4
AI in startups,What are some ideas for my startup in machine learning or ...,https://www.quora.com/What-are-some-ideas-for-my-startup-in-machine-learning-or-artificial-intelligence,Some strong startup ideas in machine learning or AI include: * AI-powered personal health assistants * Predictive analytics for small ...,4
AI in startups,How are you already using AI in your startup?,https://www.quora.com/How-are-you-already-using-AI-in-your-startup,"AI-Powered Video Editing ‚Äì We use AI tools to automate editing, color correction, and transitions, saving hours of manual work while ensuring ...",4
AI in startups,Which startups built their first product with AI and then ...,https://www.quora.com/Which-startups-built-their-first-product-with-AI-and-then-successfully-scaled-beyond-that,"**1. Google (Alphabet Inc.): Products: Google uses AI extensively in its products, including search algorithms, Google Assistant, and Google ...",4
AI in startups,Is the AI industry profitable? Can an AI startup be ...,https://www.quora.com/Is-the-AI-industry-profitable-Can-an-AI-startup-be-financially-successful,"AI will not obsolete the startups, but it will enhance their performance by helping in doing the repetitive work. But startup must accept AI as ...",4
AI in startups,When should a startup invest in AI instead of focusing on ...,https://www.quora.com/When-should-a-startup-invest-in-AI-instead-of-focusing-on-their-core-product,"Startups should invest in AI when it enhances their core product, drives efficiency, or secures a market edge, ideally at the growth stage (Series A/B).",3
AI in startups,"Which startup in the AI industry, if any, do you think is ...",https://www.quora.com/Which-startup-in-the-AI-industry-if-any-do-you-think-is-currently-best-positioned-to-unseat-the-giant-incumbents,"Aindra Systems, is an Artificial Intelligence based technology start-up. It is into creating Computer Vision and Machine Learning based products ...",3
AI in startups,Why are AI start-ups growing faster than other start-ups?,https://www.quora.com/Why-are-AI-start-ups-growing-faster-than-other-start-ups,"Small businesses can use AI to enhance employee productivity, grow their business, and automate daily tasks. They can also use AI for data ...",3
AI in startups,How do early-stage AI startups evaluate whether an ...,https://www.quora.com/How-do-early-stage-AI-startups-evaluate-whether-an-accelerator-is-the-right-fit-for-their-technical-and-strategic-goals,"Most early stage AI startups don't even know what they are starting up, they trap themself in the freelance belief that if you label ...",3
AI in startups,How can startups leverage AI to scale their businesses ...,https://www.quora.com/How-can-startups-leverage-AI-to-scale-their-businesses-efficiently,"Startups can leverage AI to scale their businesses efficiently by automating tasks, enhancing customer experiences, and optimizing ...",3
AI in startups,What were the results of other startups building AI- ...,https://www.quora.com/What-were-the-results-of-other-startups-building-AI-generated-companions,High user engagement: Many users report spending hours talking to their AI companions daily. ¬∑ Emotional support: Some users claim these AIs ...,2
AI in startups,How to track AI startups funded by top investors,https://www.quora.com/How-do-you-track-AI-startups-funded-by-top-investors,"AngelList might be a good place to find startups involving machine learning (Machine Learning Startups), some of them are even in the very early ...",2
AI in startups,How can AI startups effectively compete with the largest ...,https://www.quora.com/How-can-AI-startups-effectively-compete-with-the-largest-tech-companies-that-have-their-own-AI-strategies,Here are some strategies AI startups can leverage to carve out their niche and thrive ... Focus on Specialization ... Agility and Innovation ... Data ...,2
AI in startups,Can I gather and sell data to generative AI startups? If yes ...,https://www.quora.com/Can-I-gather-and-sell-data-to-generative-AI-startups-If-yes-how,"Yes, you can gather and sell data to generative AI startups. Identify data needs, ensure legality, prioritize quality, research potential buyers ...",2
AI in startups,How to think real startups will survive the era where ...,https://www.quora.com/How-do-you-think-real-startups-will-survive-the-era-where-anyone-can-use-AI-to-make-one,Startups are an attempt to create a business to meet an unmet business or economic need. AI might be effective in determining which ideas ...,2
AI in startups,What role do AI startups play in AI research and ...,https://www.quora.com/What-role-do-AI-startups-play-in-AI-research-and-development,"Startups drive AI innovation by solving niche problems, testing new ideas quickly, and fostering talent. Their agility allows rapid ...",2
AI in startups,How can startups leverage artificial intelligence to gain a ...,https://www.quora.com/How-can-startups-leverage-artificial-intelligence-to-gain-a-competitive-edge-1,Entrepreneurs can leverage artificial intelligence (AI) and machine learning (ML) to disrupt traditional industries in several ways. AI can help ...,2
AI in startups,How do startups contribute to AI innovation?,https://www.quora.com/How-do-startups-contribute-to-AI-innovation,"Startups drive AI innovation by solving niche problems, testing new ideas quickly, and fostering talent. Their agility allows rapid ...",2
AI in startups,How can a startup be started on an AI-based model?,https://www.quora.com/How-can-a-startup-be-started-on-an-AI-based-model,"To start a startup on an AI-based model, you need to identify a problem that AI can solve, gather a team with AI expertise, ...",2
AI in startups,How do AI startups thrive in the market when they are ...,https://www.quora.com/How-do-AI-startups-thrive-in-the-market-when-they-are-competing-with-big-players-like-Google-Amazon-IBM-Microsoft-If-an-amount-of-data-is-a-key-to-success-in-the-field-of-AI-arent-startups-in-a-very-inferior,"The key to competing with these larger companies in any space (AI, or elsewhere) is to focus on a niche. A niche with a smaller addressable ...",2
Best AI apps 2025,What are the top 5 AI software in 2025?,https://www.quora.com/What-are-the-top-5-AI-software-in-2025,"The top 5 AI software in 2025 include ChatGPT, Claude, Gemini, GitHub Copilot, and Synthesia, offering advanced capabilities in chatbots, code ...",4
Best AI apps 2025,What are the best AI-powered apps in the world in 2025?,https://www.quora.com/What-are-the-best-AI-powered-apps-in-the-world-in-2025,"The top 5 AI software in 2025 include ChatGPT, Claude, Gemini, GitHub Copilot, and Synthesia, offering advanced capabilities in chatbots, code ...",4
Best AI apps 2025,Which new AI tools are dominating the U.S. market in 2025?,https://www.quora.com/Which-new-AI-tools-are-dominating-the-U-S-market-in-2025,1. Meta's Llama 4 and AI Assistant ¬∑ 2. Google's Gemini 2.5 ¬∑ 3. Apple Intelligence ¬∑ 4. Perplexity AI ¬∑ 5. Runway's Gen-4 ¬∑ 6. SoundHound Chat AI ¬∑ 7 ...,4
Best AI apps 2025,What is the best and free AI tool to create eBooks in 2025?,https://www.quora.com/What-is-the-best-and-free-AI-tool-to-create-eBooks-in-2025,"The best free AI tool to create eBooks in 2025 is Canva AI for design and formatting, combined with ChatGPT Free for generating content.",3
Best AI apps 2025,10 Best AI Apps (March 2025) - A space for AI - Quora,https://aspaceforai.quora.com/https-www-unite-ai-10-best-ai-apps,"10 Best AI Apps (March 2025). Artificial intelligence (AI) is taking over nearly every market, including the highly competitive mobile app ...",3
Best AI apps 2025,Best AI App for Business: Supercharge Your Online Success ...,https://aitoolscollections.quora.com/Best-AI-App-for-Business-Supercharge-Your-Online-Success-In-2025-Best-AI-App-for-Business-Artificial-Intelligence-or,"Best AI App for Business: Supercharge Your Online Success In 2025. Best AI ... apps using innovative tools like OpenAI, ChatGPT, Amazon CodeWhisperer, and CodeWP.",3
Best AI apps 2025,What are the most effective AI tools available for enhancing ...,https://www.quora.com/What-are-the-most-effective-AI-tools-available-for-enhancing-productivity-in-2025,"In 2025, top AI productivity tools include ChatGPT for writing assistance, Perplexity AI for advanced search, Canva's AI features for design ...",3
Best AI apps 2025,Which is the best AI tool in 2025?,https://www.quora.com/Which-is-the-best-AI-tool-in-2025,1. Qodo ¬∑ 2. GitHub Copilot ¬∑ 3. Alphaevolve ( Google deepMind). ‚ûú Generative AI for creativity ‚Äî. 1. Adobe firefly. 2. Jasper. 3. Runway ML. ‚ûúüó£Ô∏è ...,3
Best AI apps 2025,What are some underrated AI tools that can boost income ...,https://www.quora.com/What-are-some-underrated-AI-tools-that-can-boost-income-in-2025,"The top 5 AI software in 2025 include ChatGPT, Claude, Gemini, GitHub Copilot, and Synthesia, offering advanced capabilities in chatbots, code ...",2
Best AI apps 2025,What are the top AI tools for students in 2025?,https://www.quora.com/What-are-the-top-AI-tools-for-students-in-2025,1. Grammarly ¬∑ 2. Quillbot ¬∑ 3. Brainly ¬∑ 4. Otter ai ¬∑ 5. Speechify ¬∑ 6. Knowji ¬∑ 7. Anki.,2
Best AI apps 2025,What are the best AI software development tools in 2025?,https://www.quora.com/What-are-the-best-AI-software-development-tools-in-2025,ChatGPT - to analyze documents ¬∑ ChatGPT - to reply to emails ¬∑ Napkin AI - to create visuals for PPTs ¬∑ Notebook LM - to analyze my videos since I ...,2
Best AI apps 2025,What are the best free AI tools for content creation in 2025?,https://www.quora.com/What-are-the-best-free-AI-tools-for-content-creation-in-2025,"The best free AI tool to create eBooks in 2025 is Canva AI for design and formatting, combined with ChatGPT Free for generating content. Other ...",2
Best AI apps 2025,What are the best AI tools for learning analytics in 2025?,https://www.quora.com/What-are-the-best-AI-tools-for-learning-analytics-in-2025,"The best AI tools for learning analytics in 2025 include Tableau for data visualization and Power BI for business intelligence, both offering robust analytics ...",2
Best AI apps 2025,Which AI tool is good and free too?,https://www.quora.com/Which-AI-tool-is-good-and-free-too,"1.Canva (with AI tools) that helps in Graphic designing with options of text-to-image, background remover, and Magic Write. ¬∑ 2.Adobe Firefly ...",2
Best AI apps 2025,What are the best AI tools for developers in 2025?,https://www.quora.com/What-are-the-best-AI-tools-for-developers-in-2025-1,1. Chatgpt 4.5 ( Open AI ) ¬∑ 2. Claude 3.5 Sonnet ( Anthropic) ¬∑ 3. Gemini 2.5 Pro (Google) ¬∑ 4. Perplexity Assistant.,2
Best AI apps 2025,What is the best AI-powered software for productivity and ...,https://www.quora.com/What-is-the-best-AI-powered-software-for-productivity-and-automation,"What are the best AI productivity tools for 2025? In 2025, top AI productivity tools include ChatGPT for writing assistance, Perplexity AI ...",2
Best AI apps 2025,What are the best AI tools in 2025 to make passive income ...,https://www.quora.com/What-are-the-best-AI-tools-in-2025-to-make-passive-income-online-as-a-student-or-beginner,"Some of AI tools in 2025 to make passive income online as a student or beginner include, 1)Hostinger, is an AI-powered website builder that ...",2
Best AI apps 2025,What's the best new AI content creation tool in 2025 that ...,https://www.quora.com/What-s-the-best-new-AI-content-creation-tool-in-2025-that-supports-both-Arabic-and-English,"The best free AI tool to create eBooks in 2025 is Canva AI for design and formatting, combined with ChatGPT Free for generating content.",2
Automation for creators,"What is YouTube automation, and how can it benefit ...",https://www.quora.com/What-is-YouTube-automation-and-how-can-it-benefit-content-creators,YouTube Automation lets you manage a YouTube channel with less effort by automating tasks like creating and uploading videos.,4
Automation for creators,The Power of Automation and Scripting - Creators Zone - Quora,https://creatorszone.quora.com/The-Power-of-Automation-and-Scripting,"Understanding Automation and Scripting. Defining Automation: Automation refers to the process of automating repetitive tasks, eliminating the need for manual ...",4
Automation for creators,How does automation in content creation affect your overall ...,https://www.quora.com/How-does-automation-in-content-creation-affect-your-overall-marketing-efforts,"By automating repetitive processes‚Äîemails, social media posts, advertising campaigns, and more‚Äîyou promote your brand faster. It increases the ...",4
Automation for creators,What are the best tools for automating content creation and ...,https://www.quora.com/What-are-the-best-tools-for-automating-content-creation-and-SEO,"However, some of the most popular content automation tools for blogs include Hootsuite Insights, BuzzSumo, and CoSchedule. Continue Reading.",4
Automation for creators,What are the best AI tools for automating content creation ...,https://www.quora.com/What-are-the-best-AI-tools-for-automating-content-creation-and-marketing?top_ans=283279512,"As we all know, social media is one of the most popular marketing methods. And I nominate you JarveePro, it can help you automate social media.",3
Automation for creators,What are some recommended marketing automation tools ...,https://www.quora.com/What-are-some-recommended-marketing-automation-tools-for-beginners,ConvertKit and HubSpot also provide free versions with basic marketing automation capabilities for small businesses and content creators.,3
Automation for creators,Best 12 Marketing Automation Tools to Supercharge Any ...,https://automatedtool.quora.com/Best-12-Marketing-Automation-Tools-to-Supercharge-Any-Business-in-2025,"Marketing Automation Tools streamline processes, enhance customer engagement, and boost conversions by automating repetitive marketing tasks.",3
Automation for creators,How do YouTubers automate tasks like uploading and ...,https://www.quora.com/How-do-YouTubers-automate-tasks-like-uploading-and-engaging-with-viewers,"They use tools like TubeBuddy or VidIQ for scheduling and SEO, Google Sheets + Make or Zapier for automating uploads, and comment filters or ...",3
Automation for creators,What are some affordable tools for digital marketing ...,https://www.quora.com/What-are-some-affordable-tools-for-digital-marketing-automation,"Several affordable marketing automation tools include EngageBay, Brevo (free base plan with scaled pricing), and Moosend (basic Pro version).",3
Automation for creators,The Power of Automation and Scripting - Artificial Intelligence (AI ...,https://technologicalidea.quora.com/https-creatorszone-quora-com-The-Power-of-Automation-and-Scripting,"In today's fast-paced world, where time is of the essence, automation and scripting have emerged as indispensable tools for developers, sysadmins, ...",2
Automation for creators,What is the best web app content automation writer?,https://www.quora.com/What-is-the-best-web-app-content-automation-writer,"Yes, automatic content writing tools are really helpful. One of the best is Jarvis ‚Äì AI That Writes Blog & Social Media Content - a natural ...",2
Automation for creators,Are there ways to earn money through automated content ...,https://www.quora.com/Are-there-ways-to-earn-money-through-automated-content-creation-tools-such-as-AI-generated-writing-or-video-production,"Yes, there are AI tools that can generate videos from text inputs! These tools use advanced algorithms to create visuals, animations, and even ...",2
Automation for creators,How to create a YouTube channel automated tool,https://www.quora.com/How-do-I-create-a-YouTube-channel-automated-tool,"JarveePro is a powerful social media automation tool that supports multiple platforms. It offers advanced features such as auto-like, auto- ...",2
Automation for creators,How does AI change the world and save time for content ...,https://www.quora.com/How-does-AI-change-the-world-and-save-time-for-content-creators,"AI can automate tasks like research, editing, and transcription, saving time for content creators. It can also generate content like ...",2
Automation for creators,What are the best marketing automation tools in 2022?,https://www.quora.com/What-are-the-best-marketing-automation-tools-in-2022,"Marketing automation tools help save time, streamline communication, and ensure consistency in how you engage leads and customers.",2
Automation for creators,"As a content creator, how are you trying to improve your ...",https://www.quora.com/As-a-content-creator-how-are-you-trying-to-improve-your-productivity-using-AI-tools,"Productivity Enhancement:Speed up the content creation process by automating repetitive tasks.Assist in drafting and generating content, saving ...",2
Automation for creators,How to scale an online business through automation,https://www.quora.com/How-do-I-scale-an-online-business-through-automation,"1.Automate Repetitive Tasks ‚Äì Use AI for customer support (chatbots), social media scheduling, and email marketing. ¬∑ 2.Enhance Decision-Making ‚Äì ...",2
Automation for creators,What is the most user-friendly marketing automation ...,https://www.quora.com/What-is-the-most-user-friendly-marketing-automation-software,"The best digital marketing and automation tool depends on your specific needs, but HubSpot and ActiveCampaign are popular choices. HubSpot ...",2
Automation for creators,What are the top benefits of automating video content ...,https://www.quora.com/What-are-the-top-benefits-of-automating-video-content-creation,"Automating video production reduces the workload for creators, allowing them to focus on creativity rather than repetitive editing tasks.",2
ChatGPT for solopreneurs,I'm a solopreneur juggling everything. Can a chatbot really ...,https://www.quora.com/Im-a-solopreneur-juggling-everything-Can-a-chatbot-really-help-me-manage-leads-sales-and-customer-support-all-at-once,Can ChatGPT be an efficient assistant in my repair business? Probably not unless you get a large language model and ...,4
ChatGPT for solopreneurs,What's the best way to start using AI in a solo business ...,https://www.quora.com/What-s-the-best-way-to-start-using-AI-in-a-solo-business-without-getting-overwhelmed,"Creative design ideas you can get from AI tools like chatgpt or bard , And use fiverr like freelancer website create a gig about the your ...",4
ChatGPT for solopreneurs,How to use AI to grow my business,https://www.quora.com/How-can-I-use-AI-to-grow-my-business,"... chatgpt allows anyone to generate fully functional code from scratch. ... is suitable for startups, solopreneurs, and marketers who want to ...",4
ChatGPT for solopreneurs,How to Make Money With ChatGPT (Tried and Tested Prompts ...,https://promptengineering1.quora.com/How-to-Make-Money-With-ChatGPT-Tried-and-Tested-Prompts,"Entrepreneurs are starting to realize you can use ChatGPT to make money online, either by starting a new business or making huge efficiencies in their existing ...",4
ChatGPT for solopreneurs,Solopreneurs Hub,https://solopreneurshub.quora.com/,Here are 7 ChatGPT Prompts That Will Turn You into an Email Marketing Master. (COPY PASTE) 1- Generate Catchy Email Subject ...,4
ChatGPT for solopreneurs,How AI is Revolutionizing SEO for Creators and Solopreneurs in ...,https://studyabroadsuccesshub.quora.com/How-AI-is-Revolutionizing-SEO-for-Creators-and-Solopreneurs-in-2025-In-2025-creating-content-that-ranks-on-search-engi,"‚ÄúHow to use ChatGPT for client proposals‚Äù. ‚Äúeco-friendly productivity setups‚Äù. These keywords don't just get you traffic ‚Äî they bring the right audience, with ...",3
ChatGPT for solopreneurs,How to start a business only using AI,https://www.quora.com/How-can-I-start-a-business-only-using-AI,"Idea : Develop chatbots for small businesses to handle customer support, lead generation, or appointment scheduling. Why : Affordable and widely ...",3
ChatGPT for solopreneurs,What are the top AI tools that can help freelancers and ...,https://www.quora.com/What-are-the-top-AI-tools-that-can-help-freelancers-and-entrepreneurs?no_redirect=1,"I've tested a bunch of tools, and here are 3 that really helped: ChatGPT ‚Äì for emails, copy, idea generation. Notion + AI ‚Äì to organize ...",3
ChatGPT for solopreneurs,How is AI transforming small businesses and startups?,https://www.quora.com/How-is-AI-transforming-small-businesses-and-startups,"AI can help small business automate tasks, enhance decision making, improve marketing and reduce costs. It's becoming more accessible, ...",3
Rebuilding with AI,Will AI really reach the point where it can build even better ...,https://www.quora.com/Will-AI-really-reach-the-point-where-it-can-build-even-better-AI-on-its-own-that-so-called-Singularity,"AI has already invented better matrix math, and improved system and processes. I don't think that there is any doubt that it can be instrumental ...",4
Rebuilding with AI,What will make ai grow? What (resource) companies are ...,https://www.quora.com/What-will-make-ai-grow-What-resource-companies-are-needed-to-make-ai-grow,AI growth will continue to be problematic under the current technical regime. Cost of building and rebuilding deep learning networks will ...,4
Rebuilding with AI,If you made a robot with the most advanced AI and deep ...,https://www.quora.com/If-you-made-a-robot-with-the-most-advanced-AI-and-deep-learning-etc-and-you-built-it-to-break-down-after-some-time-unless-it-self-repairs-and-constantly-seeks-out-new-energy-sources-AND-can-reproduce-better-versions,"Will AI Machines exterminate us if they can self-reproduce & repair themselves? As Marko Sokolich opined, ‚ÄúPossibly,‚Äù ...",4
Rebuilding with AI,"'Is AI coding going to replace software developers, or will it ...",https://www.quora.com/Is-AI-coding-going-to-replace-software-developers-or-will-it-create-a-new-era-of-AI-augmented-programmers-by-2030,"AI won't replace application development but will transform it. AI can handle repetitive coding tasks, speeding up development and reducing ...",4
Rebuilding with AI,How to plan for the future with the impending rise of AI ...,https://www.quora.com/How-can-I-plan-for-the-future-with-the-impending-rise-of-AI-What-skills-can-I-learn-that-may-help-me-still-be-useful-given-that-a-lot-of-people-are-about-to-lose-work-Any-insight-helps,Artificial Intelligence poses a great threat to many jobs in the nearest future. What skills can one acquire to stay relevant in the world of AI?,4
Rebuilding with AI,How can AI be used as a personal coach for leaders ...,https://www.quora.com/How-can-AI-be-used-as-a-personal-coach-for-leaders-to-rebuild-trust-on-their-teams,AI can produce well-worded communications that expertly express the desire to rebuild trust and detail specific actions that need to be taken.,3
Rebuilding with AI,Is it possible for artificial intelligence to create another AI ...,https://www.quora.com/Is-it-possible-for-artificial-intelligence-to-create-another-AI-program-without-human-involvement-in-the-future,Is it possible for artificial intelligence to create another AI program without human involvement in the future? No. When it comes to doing ...,3
Rebuilding with AI,How to create my own AI tool from scratch even though I ...,https://www.quora.com/How-do-I-create-my-own-AI-tool-from-scratch-even-though-I-am-not-an-IT-practitioner,‚ÄúPython‚Äù is a programming language which is both approachable and easily extended with libraries for AI. Search for ‚ÄúPython for beginners‚Äù.,3
Rebuilding with AI,Will AI eventually be capable of programming in any ...,https://www.quora.com/Will-AI-eventually-be-capable-of-programming-in-any-language-and-make-most-software-engineers-obsolete,"Integrating AI capable of coding will not replace developers but instead augment their skills, transforming the landscape of software ...",3
Rebuilding with AI,. 'How can someone with no coding experience learn to ...,https://www.quora.com/How-can-someone-with-no-coding-experience-learn-to-build-AI-tools,"Pick up a language of your choice (python, C, C++, Java, etc.) ¬∑ Learn data structures and algorithms. ¬∑ Brush up your mathematical skills ...",3
Rebuilding with AI,What are some steps the CIA can take to understand ...,https://www.quora.com/What-are-some-steps-the-CIA-can-take-to-understand-Chinas-advancements-in-AI-and-quantum-computing-as-mentioned-by-the-CIA-director-nominee-John-Ratcliffe,Why is China leading the way in the first steps to marry artificial intelligence and quantum computing? Read about this recent news from a ...,2
Rebuilding with AI,Can we make complete apps using AI only?,https://www.quora.com/Can-we-make-complete-apps-using-AI-only,"AI can help build complete apps, but human input is still essential. AI tools like GitHub Copilot, ChatGPT, and AutoML can generate code, design ...",2
Rebuilding with AI,How can we ensure AI technologies are developed and ...,https://www.quora.com/How-can-we-ensure-AI-technologies-are-developed-and-used-responsibly,"To ensure that artificial intelligence is developed and used responsibly, organizations should have a clear governance framework in place based ...",2
Rebuilding with AI,I want to build an AI like Alexa and a little like ChatGPT in ...,https://www.quora.com/I-want-to-build-an-AI-like-Alexa-and-a-little-like-ChatGPT-in-Python-What-things-do-I-need-to-build-it-and-what-are-the-steps,1. Import and load the data file ¬∑ 2. Preprocess data ¬∑ 3. Create training and testing data ¬∑ 4. Build the model ¬∑ 5. Predict the response ( ...,2
Rebuilding with AI,How can it be possible that AI will change the living styles ...,https://www.quora.com/How-can-it-be-possible-that-AI-will-change-the-living-styles-of-the-people-where-we-live,Personal digital devices have wrought the biggest change. AI has contributed to the change. More AI with more of the changes. It is good; it is bad.,2
Rebuilding with AI,"Being an LLM AI researcher, is it necessary to build a model ...",https://aidaily.quora.com/Being-an-LLM-AI-researcher-is-it-necessary-to-build-a-model-from-scratch-to-learn-how-it-works-or-use-the-pre-trained-m?top_ans=1477743833340167,"In AI and ML, building a model from scratch means creating all the code and designing the model yourself. It gives you a deep understanding of ...",2
Rebuilding with AI,Can you submit a drawing to an ai and ask it to build an ...,https://www.quora.com/Can-you-submit-a-drawing-to-an-ai-and-ask-it-to-build-an-architectural-design-If-so-which-is-best-suited-for-this-Thanks,"Even if there were such AI, please, do NOT submit its work without THOROUGH EXAMINATION of its work. All AIs of today are basically ...",2
Rebuilding with AI,Will we ever get AI so advanced that it is capable of writing ...,https://www.quora.com/Will-we-ever-get-AI-so-advanced-that-it-is-capable-of-writing-lost-books,A sufficiently advanced AI might well be able to write something capable of fooling all of our best experts into believing that it could be the Margites.,2
Rebuilding with AI,What is the best AI tool for automating an entire startup?,https://www.quora.com/What-is-the-best-AI-tool-for-automating-an-entire-startup,"The top 5 AI tools for startups/business ‚ÄîChatGPT, Grammarly Business, Zoho Zia, Notion AI, and Hootsuite Insights‚Äîare designed to help you work ...",2
Rebuilding with AI,How to learn AI? How do I start,https://www.quora.com/How-do-I-learn-AI-How-do-I-start?top_ans=91510629,"To start learning AI, begin by building a foundation in mathematics and programming, particularly Python. Explore online resources like courses, ...",2
Digital solopreneurship,Is the happy internet solopreneur lifestyle just a myth?,https://www.quora.com/Is-the-happy-internet-solopreneur-lifestyle-just-a-myth,"It is not a myth, you can become a nomad. I am a nomad, a somewhat digital nomad, since my work is mostly online. I travel through the countries ...",4
Digital solopreneurship,What is it like to be a solopreneur?,https://www.quora.com/What-is-it-like-to-be-a-solopreneur,"I enjoy working for myself and earn more than I did in a corporate job but not A LOT more. My business is limited to my time, and is not scale-able.",4
Digital solopreneurship,How to handle marketing as a solopreneur/solo service ...,https://www.quora.com/How-do-you-handle-marketing-as-a-solopreneur-solo-service-business-owner,How can you leverage social media and other digital marketing channels to grow your business as a solopreneur? Something many people forget ...,4
Digital solopreneurship,What is the definition of 'solopreneur'? What makes a ' ...,https://www.quora.com/What-is-the-definition-of-solopreneur-What-makes-a-solopreneur-distinguishable-from-an-independent-professional-a-freelancer-or-an-entrepreneur,"Personally, I'm a solopreneur. I started to read a lot about all kinds of digital marketing 8 years ago. I launched my first startup with 30 ...",4
Digital solopreneurship,What skills do I need to become an outstanding ...,https://www.quora.com/What-skills-do-I-need-to-become-an-outstanding-solopreneur-How-can-I-gain-them,"Product knowledge - As solo founder you can't delegate this to a team, you have to manage product development, research, testing by yourself.",4
Digital solopreneurship,What are some ways to find support as a solopreneur?,https://www.quora.com/What-are-some-ways-to-find-support-as-a-solopreneur,"School, University ¬∑ Local startup hub ¬∑ Coworking space, those with networking opportunities (not just events) but actively introduce you to ...",3
Digital solopreneurship,"Solopreneurship, Solo-Preneurship or Simply Insanity",https://allaboutclarity.quora.com/Solopreneurship-Solo-Preneurship-or-Simply-Insanity,Insanity might be the best way to spell the life of a solopreneur. It's touted as the passive income or digital lifestyle. That might be true for some .,3
Digital solopreneurship,How much harder is it to be a solopreneur than a standard ...,https://www.quora.com/How-much-harder-is-it-to-be-a-solopreneur-than-a-standard-entrepreneur,"There are some pros and cons to being a solopreneur rather than have multiple co-founders. On the pro side, you're the only one that you need to convince to do ...",3
Digital solopreneurship,Are you a entrepreneur‚Äù or a Solopreneur? Why?,https://www.quora.com/Are-you-a-entrepreneur-or-a-Solopreneur-Why,"I am currently, in the 'Solopreneur' stage. Why? Instead of spending constant money on team, I spend it on freelancers whenever I need help.",3
Digital solopreneurship,Which quality of a solopreneur is better than ...,https://www.quora.com/Which-quality-of-a-solopreneur-is-better-than-an-entrepreneur-and-a-wantrepreneur,A solopreneur is a business person who sets up and runs their business by themselves for the long term. ¬∑ A solopreneur is completely autonomous.,3
Digital solopreneurship,What are the best communities for solopreneurs ...,https://www.quora.com/What-are-the-best-communities-for-solopreneurs-micropreneurs-bootstrappers-and-small-business-owners,"Example: Digital Nomads in Bali, Digital Nomads in Spain, etc. The Achiever Circle. This community consists of elite solopreneurs who will ...",2
Digital solopreneurship,What exactly is a solopreneur?,https://www.quora.com/What-exactly-is-a-solopreneur,A solopreneur is an individual who sets up and runs their own business independently without the support of a co-founder and other employees ...,2
Digital solopreneurship,How to build a million dollar solopreneur business by ...,https://www.quora.com/How-can-I-build-a-million-dollar-solopreneur-business-by-leveraging-other-people%E2%80%99s-time-work-and-money,"How can I build a million dollar solopreneur business by leveraging other people's time, work and money? ... C Level Exec at a successful Digital ...",2
Digital solopreneurship,Why is it difficult for solopreneurs to scale their business?,https://www.quora.com/Why-is-it-difficult-for-solopreneurs-to-scale-their-business,"Digital media businesses in general are tough to scale after $20m-$30m ARR. Advertising, for the most part, is non-recurring revenue. You ...",2
Digital solopreneurship,How practical is soloprenuership to run a business?,https://www.quora.com/How-practical-is-soloprenuership-to-run-a-business,"Depends on what you're doing, or want to do, and whether or not you can do it by yourself or need to find outsourcing partners.",2
Digital solopreneurship,What are the differences between Solopreneurs and ...,https://www.quora.com/What-are-the-differences-between-Solopreneurs-and-an-entrepreneur,The distinction between a solopreneur and entrepreneur may be hard as many entrepreneurs start out working alone.,2
Digital solopreneurship,Which online businesses can be performed by only one ...,https://www.quora.com/Which-online-businesses-can-be-performed-by-only-one-person-online,"Some examples (although the options are endless) include: Graphic Design, Web Design, Pinterest Manager, Virtual Interior Decorating, Business Coaching, Life ...",2
Digital solopreneurship,What is the difference between a freelancer and ...,https://www.quora.com/What-is-the-difference-between-a-freelancer-and-a-solopreneur,The solopreneur is somebody developing their own personal brand. They're creators and inventors. ¬∑ The freelancer is a gun-for-hire. They're a ...,2
Digital solopreneurship,How practical is soloprenuership to run a business?,https://solopreneurship.quora.com/https-www-quora-com-How-practical-is-soloprenuership-to-run-a-business-answer-Michael-E-Schmidlen-1,"Depends on what you're doing, or want to do, and whether or not you can do it by yourself or need to find outsourcing partners.",2
Digital solopreneurship,Is there a simple way to start an online business?,https://www.quora.com/Is-there-a-simple-way-to-start-an-online-business,"Some of the things you can start with are - Digital products, ebooks, courses etc. These are easier to start with. You can also do dropshipping ...",2
Prompt engineering tools,What are prompt engineering techniques?,https://www.quora.com/What-are-prompt-engineering-techniques,Prompt engineering is both an AI engineering technique for refining large language models (LLMs) with specific prompts and recommended outputs.,4
Prompt engineering tools,How to become a prompt engineer (+ tools and sources),https://www.quora.com/How-do-I-become-a-prompt-engineer-tools-and-sources,"Attend regularly Physical classes, Study standard books, attend all lab classes and understand the device/appliances and theory behind. Search ...",4
Prompt engineering tools,PromptBase - Comprehensive Guide with a complete overview,https://malarscomputereducation.quora.com/PromptBase-Prompt-Engineering-Tool-Comprehensive-Guide-with-a-complete-overview,"Prompt Engineering Tools: PromptBase provides tools to help you create, optimize, and evaluate prompts. These tools can be used to improve the quality and ...",4
Prompt engineering tools,What is the most AI or prompt tool you are looking for?,https://www.quora.com/What-is-the-most-AI-or-prompt-tool-you-are-looking-for,"Reflective prompts - These prompts are designed to help individuals gain a deeper understanding of themselves, their beliefs, and their actions.",4
Prompt engineering tools,What is prompt engineering and how does it differ ...,https://www.quora.com/What-is-prompt-engineering-and-how-does-it-differ-from-computer-programming,"Prompt engineering is trying to engineer a prompt to get a AI, or Machine Learning model to do something. Ex. ChatGPT, Dalle, etc.",4
Prompt engineering tools,Is prompt engineering worth it in the next few years?,https://www.quora.com/Is-prompt-engineering-worth-it-in-the-next-few-years,Prompt engineering is both an AI engineering technique for refining large language models (LLMs) with specific prompts and recommended outputs.,3
Prompt engineering tools,What are good resources on prompt engineering?,https://www.quora.com/What-are-good-resources-on-prompt-engineering,Prompt engineering is the process where you guide generative artificial intelligence (generative AI) solutions to generate desired outputs. Even ...,3
Prompt engineering tools,Tools and Resources for Aspiring Prompt Engineers ...,https://markoknowstartupcommunity.quora.com/Tools-and-Resources-for-Aspiring-Prompt-Engineers-Understanding-the-Role-of-a-Prompt-Engineer-Before-diving-into-the-t,"Before diving into the tools and resources, it's crucial to understand the role of a prompt engineer. ... Tools for Prompt Engineering. 1. OpenAI's GPT-3 API.",3
Prompt engineering tools,Coolest Tool of the day - Prompt-Engineering - Quora,https://promptengineering1.quora.com/Coolest-Tool-of-the-day-3,Composable Studio: Enterprise-grade generative studio for Composable API ¬∑ Retool Portals: Build custom apps for customers and partners 10x faster ¬∑ Parse.dev: ...,3
Prompt engineering tools,where you can learn about prompt engineering in natural ...,https://promptengineeringbysadeeqali.quora.com/where-you-can-learn-about-prompt-engineering-in-natural-language-processing,"Hugging Face: Hugging Face is a popular NLP platform that offers a range of tools and resources for prompt engineering, including pre-trained models and prompt ...",3
Prompt engineering tools,Why is prompt engineering considered a high-demand skill ...,https://www.quora.com/Why-is-prompt-engineering-considered-a-high-demand-skill-in-2025,"What is a prompt engineer, and how can I become one in 2025? A prompt engineer is someone who writes prompts to do something using an AI tool.",2
Prompt engineering tools,Is prompt engineering the future of programming?,https://www.quora.com/Is-prompt-engineering-the-future-of-programming,Prompt engineering is the process where you guide generative artificial intelligence (generative AI) solutions to generate desired outputs. Even ...,2
Prompt engineering tools,What are the key challenges in prompt engineering for AI?,https://www.quora.com/What-are-the-key-challenges-in-prompt-engineering-for-AI,"Ai Prompt Engineering involves the practice of crafting well-structured inputs to guide generative AI systems effectively. For instance, ...",2
Prompt engineering tools,What is prompt engineering?,https://www.quora.com/What-is-prompt-engineering,Prompt engineering is both an AI engineering technique for refining large language models (LLMs) with specific prompts and recommended outputs.,2
Prompt engineering tools,What is the road map for becoming a prompt engineer?,https://www.quora.com/What-is-the-road-map-for-becoming-a-prompt-engineer,If you want to become prompt engeener then you can go with this road map described below. If you have a degree in IT feild and knowledge of computer science ...,2
Prompt engineering tools,Is learning 'prompt engineering' truly a way to outpace ...,https://www.quora.com/Is-learning-prompt-engineering-truly-a-way-to-outpace-experienced-developers-or-is-it-just-another-hype-in-the-tech-world,"Prompt engineering enhances a person's ability to use generative AI effectively. In fact, most content creators can use generative AI to ...",2
Prompt engineering tools,"Is the role of an AI prompt engineer already dead, given ...",https://www.quora.com/Is-the-role-of-an-AI-prompt-engineer-already-dead-given-that-LLMs-are-better-at-it,"Security professionals can use prompt engineering to leverage AI tools to gather and analyze information, generate insights, and stay ...",2
Prompt engineering tools,"What is prompt engineering in artificial intelligence, and ...",https://www.quora.com/What-is-prompt-engineering-in-artificial-intelligence-and-why-is-it-important,"Prompt engineering is the art of crafting inputs that get the best responses from AI models. As AI powers more tools, apps, and workflows, the ...",2
Prompt engineering tools,How to master chat GPT prompt engineering,https://www.quora.com/How-do-I-master-chat-GPT-prompt-engineering,"While there's no single path to mastering ChatGPT prompt engineering, here are some key steps to continuously improve your skills.",2
Prompt engineering tools,AI Prompt engineering is becoming an increasingly ...,https://www.quora.com/AI-Prompt-engineering-is-becoming-an-increasingly-important-skill-for-2025-Given-that-specific-job-titles-for-prompt-engineers-are-still-rare-how-can-someone-transition-into-this-field-and-land-a-job-after-learning,"Ai Prompt Engineering involves the practice of crafting well-structured inputs to guide generative AI systems effectively. For instance, ...",2
